method,k,avg_recall@10,p50_latency,p95_latency,p99_latency,mean_latency,n_queries,avg_recall@20
Oracle,10,1.0,3.775773453526199,13.459747069282443,18.712064039427776,5.332816564710811,500,
Oracle,20,,3.273843030910939,12.877199676586299,17.230985010974106,5.195420666364953,500,1.0
PreFilter,10,1.0,3.364945005159825,14.713652810314663,21.35954123339615,5.29620365309529,500,
PreFilter,20,,3.1972085125744343,13.581257546320549,17.343607852235433,4.847988768713549,500,1.0
PostFilter,10,0.40140000000000003,3.1764059676788747,8.87152421637438,11.763110484462231,4.016915015876293,500,
PostFilter,20,,3.061150957364589,11.28841453464701,14.855686225928363,4.509666508296505,500,0.4015
HybridSearch,10,0.28340000000000004,14.261673495639116,20.46957171405665,25.21856462000868,13.857460589846596,500,
HybridSearch,20,,14.290115504991263,21.718506695469838,26.277114058611915,13.895976604893804,500,0.2989
